CPU Stress, Cpu-2,NumOfRequests,Period, Throughput, Response Time,Acme Web CPU Usage,MongoDB CPU Usage,VM 1 Avg Host CPU Usage,VM 1 Host CPU 0 Usage,VM 1 Host CPU 1 Usage,VM 2 Avg Host CPU Usage,VM 2 Host CPU 0 Usage,VM 2 Host CPU 1 Usage,MongoDB Memory Usage,Acme Web Memory Usage,VM 1 Host Mem Usage,VM 1 Host Mem Total,VM 2 Host Mem Usage,VM 2 Host Mem Total
0,0,4000,0.025,301.3,2.1,28.47619048,10.00952381,23.19047619,22.28571429,23.80952381,8.985714286,9.419047619,8.6,85862107.43,52122380.19,773641557.3,8346394624,773641557.3,8126898176
5,6,4000,0.025,301.3,2.1,25.00454545,9.841363636,23.5,23.28181818,23.64545455,11.65,10.97272727,12.06363636,91240261.82,53277602.91,779762036.4,8346394624,779762036.4,8126898176
9,11,4000,0.025,301.3,2.2,25.22272727,9.821363636,25.20909091,24.66363636,25.89090909,13.92727273,14.50909091,13.32727273,96725736.73,53226961.45,779948404.4,8346394624,779948404.4,8126898176
13,16,4000,0.025,301.3,2.2,25.9047619,10.3952381,28,27.61904762,28.19047619,16.53809524,14.38095238,18.65714286,102159896.4,55029369.9,782354724.6,8346394624,782354724.6,8126898176
17,21,4000,0.025,301.3,2.2,26.04761905,10.48571429,29.85714286,28.26666667,31.23809524,19.03333333,17.19047619,20.93333333,108926293.3,53322703.24,780505868.2,8346394624,780505868.2,8126898176
21,26,4000,0.025,301.3,2.3,25.3,10.09818182,30.64545455,29.65454545,31.54545455,20.61818182,21.97272727,19.22727273,114733056,54335301.82,781693858.9,8346394624,781693858.9,8126898176
25,31,4000,0.025,301.3,2.3,25.6,9.864545455,32.33636364,31.10909091,33.42727273,22.94545455,25.51818182,20.36363636,119404730.2,54205533.09,782389992.7,8346394624,782389992.7,8126898176
29,36,4000,0.025,301.3,2.3,26.66666667,10.33333333,35.52380952,34.19047619,36.80952381,25.84761905,27.65714286,24.13333333,123076998.1,55476224,783660763.4,8346394624,783660763.4,8126898176
33,41,4000,0.025,301.3,2.4,26.76190476,10.25238095,37.28571429,35.95238095,38.57142857,28.67619048,33.2952381,23.78095238,127355367.6,57092778.67,785152097.5,8346394624,785152097.5,8126898176
37,46,4000,0.025,301.3,2.4,25.71818182,9.958181818,37.58181818,35.98181818,38.90909091,29.56818182,31.39090909,27.67272727,129591482.2,57314583.27,785597346.9,8346394624,785597346.9,8126898176
41,51,4000,0.025,301.3,2.5,26.20909091,9.938636364,39.54090909,40.31818182,38.69090909,31.97272727,26.67272727,37.54545455,130544546.9,56925835.64,784698274.9,8346394624,784698274.9,8126898176
45,56,4000,0.025,301.3,2.4,27.23333333,10.29047619,43.0952381,43.71428571,42.33333333,35.50952381,29.77142857,41.05714286,133855134.5,56831024.76,785125181,8346394624,785125181,8126898176
49,61,4000,0.025,301.3,2.4,25.70909091,10.07727273,42.84090909,44.02727273,41.51818182,36.38636364,44.99090909,27.87272727,139312407.3,57934754.91,786025378.9,8346394624,786025378.9,8126898176
53,66,4000,0.025,301.3,2.5,26.09545455,10.00909091,44.55454545,45.17272727,43.66363636,38.92272727,31.80909091,45.80909091,144673512.7,56575441.45,784862301.1,8346394624,784862301.1,8126898176
57,71,4000,0.025,301.3,2.7,26.97727273,9.970454545,46.63636364,45.34545455,48,41.09090909,37.86363636,44.27272727,149925701.8,58097664,786787048.7,8346394624,786787048.7,8126898176
61,76,4000,0.025,301.3,2.8,27.42857143,10.49047619,50.33333333,47.9047619,52.80952381,44.56190476,56.33333333,32.98095238,155655216.8,58874343.62,787775488,8346394624,787775488,8126898176
0,0,5333,0.01875,400,2.5,36.00909091,13.23181818,28.68181818,27.07272727,29.97272727,10.79090909,11.16363636,10.19090909,162380706.9,62185285.82,786783138.9,8346394624,786783138.9,8126898176
5,6,5333,0.01875,400,2.3,34,12.78954545,29.75454545,28.79090909,30.40909091,13.33636364,13.39090909,13.12727273,162927150.5,63255086.55,792549376,8346394624,792549376,8126898176
9,11,5333,0.01875,400,2.4,34.46363636,12.97090909,31.45,30.39090909,32.37272727,15.74545455,15.13636364,16.35454545,161187840,63392116.36,793708171.6,8346394624,793708171.6,8126898176
13,16,5333,0.01875,400,2.5,34.45454545,13.11818182,33.23636364,31.90909091,34.7,17.85909091,17.10909091,18.47272727,160112640,64469178.18,795042164.4,8346394624,795042164.4,8126898176
17,21,5333,0.01875,400,2.6,34.5,13.08181818,34.81363636,34.5,35.40909091,20.14545455,17.35454545,22.95454545,159939490.9,66043345.45,796988695.3,8346394624,796988695.3,8126898176
21,26,5333,0.01875,400,2.8,37,13.4047619,38.52380952,37.47619048,39.95238095,23.17142857,23.37142857,22.92380952,160163742.5,64460897.52,794689536,8346394624,794689536,8126898176
25,31,5333,0.01875,400,2.7,34.91818182,13.14545455,38.44545455,38.19090909,38.83636364,24.84090909,23.93636364,25.74545455,160385024,65290053.82,795947194.2,8346394624,795947194.2,8126898176
29,36,5333,0.01875,400,2.8,34.87727273,13.02318182,39.95454545,39.38181818,40.59090909,27.1,29.24545455,24.90909091,160349277.1,67005533.09,798201856,8346394624,798201856,8126898176
33,41,5333,0.01875,400,2.9,36.47619048,13.23333333,43.71428571,42.95238095,44.33333333,29.96666667,26.20952381,33.81904762,160676717.7,67372763.43,798168600.4,8346394624,798168600.4,8126898176
37,46,5333,0.01875,400,2.9,35.45909091,13.07727273,44.21363636,44.05454545,44.37272727,31.34545455,25.2,37.58181818,160916014.5,66526114.91,797755764.4,8346394624,797755764.4,8126898176
41,51,5333,0.01875,400,2.9,35.52727273,13.08363636,45.54545455,46.18181818,45.03636364,33.59545455,35.74545455,31.53636364,162954333.1,67744861.09,799378711.3,8346394624,799378711.3,8126898176
45,56,5333,0.01875,400,3.6,36.47619048,13.56666667,49.0952381,47.0952381,51.0952381,37.08095238,37.08571429,37.02857143,171716608,68872874.67,800355279.2,8346394624,800355279.2,8126898176
0,0,4000,0.025,301.3,2.2,27.32272727,10.05,22.48181818,21.64545455,23.2,8.854545455,9.154545455,8.590909091,172964398.5,64503621.82,790510126.5,8346394624,790510126.5,8126898176
5,6,4000,0.025,301.3,2.1,25.21818182,10.29727273,23.5,23,23.93636364,11.92727273,13.88181818,9.818181818,174174208,64890321.45,793831796.4,8346394624,793831796.4,8126898176
9,11,4000,0.025,301.3,2.1,25.03181818,10.16272727,25.18636364,24.02727273,26.39090909,13.99545455,15.15454545,12.79090909,175896576,63918080,793602234.2,8346394624,793602234.2,8126898176
13,16,4000,0.025,301.3,2.2,26.14285714,10.79047619,28.04761905,26.57142857,29.47619048,16.82857143,18.19047619,15.6952381,178347251.8,63467715.05,793322447.2,8346394624,793322447.2,8126898176
17,21,4000,0.025,301.3,2.3,26.0952381,10.52380952,29.9047619,28.28571429,31.38095238,19.18571429,18.62857143,19.83809524,181868056.4,64610694.1,794490587.4,8346394624,794490587.4,8126898176
21,26,4000,0.025,301.3,2.2,25.5,10.17545455,30.63181818,29.13636364,32.3,20.80909091,19.40909091,22.38181818,181383540.4,63765410.91,793018554.2,8346394624,793018554.2,8126898176
25,31,4000,0.025,301.3,2.3,25.71363636,10.09409091,32.5,31.94545455,32.87272727,23.06363636,27.01818182,19.29090909,181588712.7,65051927.27,795030434.9,8346394624,795030434.9,8126898176
29,36,4000,0.025,301.3,2.3,26.7,10.65238095,35.52380952,33.38095238,37.52380952,26.53809524,28.36190476,24.38095238,181043785.1,64919064.38,794782963.8,8346394624,794782963.8,8126898176
33,41,4000,0.025,301.3,2.4,25.78181818,10.23636364,35.9,35.43636364,36.36363636,27.71363636,30.84545455,24.67272727,180302941.1,64683845.82,794539659.6,8346394624,794539659.6,8126898176
37,46,4000,0.025,301.3,2.5,26.34090909,10.33454545,37.8,37.66363636,37.91818182,30.00454545,22.4,37.31818182,181654248.7,64002792.73,793956910.5,8346394624,793956910.5,8126898176
41,51,4000,0.025,301.3,2.4,26.08181818,10.16454545,39.42272727,37.75454545,41.18181818,32.41363636,31.37272727,33.27272727,180748101.8,63569175.27,793411770.2,8346394624,793411770.2,8126898176
45,56,4000,0.025,301.3,2.4,27.38095238,10.42857143,43,42.71428571,43.38095238,35.52857143,34.02857143,36.98095238,180423923.8,64320073.14,794442410.7,8346394624,794442410.7,8126898176
49,61,4000,0.025,301.2,2.5,26.35,10.32727273,42.92272727,41.66363636,44.18181818,36.69090909,29.10909091,44.06363636,180139659.6,64714379.64,794465000.7,8346394624,794465000.7,8126898176
53,66,4000,0.025,301.3,2.6,25.34395652,9.869130435,43.48695652,40.48695652,46.15652174,37.40869565,34.28695652,40.20869565,182288562.1,65974984.35,795683083.1,8346394624,795683083.1,8126898176
57,71,4000,0.025,301.3,2.6,26.4,10.34090909,46.35454545,42.65454545,50.18181818,41.17727273,35.17272727,47.27272727,187926900.4,63664872.73,794256290.9,8346394624,794256290.9,8126898176
61,76,4000,0.025,301.3,2.6,27.57142857,10.4952381,50.33333333,46.04761905,54.61904762,44.76666667,48.7047619,40.92380952,190069223.6,64920429.71,795484355,8346394624,795484355,8126898176
0,0,5333,0.01875,400,2.4,36.10454545,13.61363636,28.46363636,27.16363636,29.9,11.16818182,11.65454545,10.90909091,194433768.7,67722705.45,793117044.4,8346394624,793117044.4,8126898176
5,6,5333,0.01875,400,2.3,33.84545455,13.38954545,29.68636364,29.24545455,30.27272727,13.75454545,14.18181818,13.26363636,198741643.6,69094865.45,799392116.4,8346394624,799392116.4,8126898176
9,11,5333,0.01875,400,2.5,35.71428571,13.81428571,32.85714286,31.85714286,34,16.48095238,16.16190476,16.84761905,202643943.6,69819440.76,800882883,8346394624,800882883,8126898176
13,16,5333,0.01875,400,2.7,34.64545455,13.14090909,33.44090909,32.24545455,34.5,18.03636364,17.24545455,18.81818182,205765911.3,69659741.09,801189143.3,8346394624,801189143.3,8126898176
17,21,5333,0.01875,400,2.6,34.50909091,13.24272727,35.11818182,33.08181818,37.24545455,20.39545455,19.4,21.36363636,207963415.3,69443397.82,801051554.9,8346394624,801051554.9,8126898176
21,26,5333,0.01875,400,2.8,36,13.69047619,38.33333333,36.9047619,39.80952381,23.2,22.23809524,23.97142857,208291742.5,69484739.05,801309842.3,8346394624,801309842.3,8126898176
25,31,5333,0.01875,400,2.7,34.77272727,13.43181818,38.53181818,37.67272727,39.48181818,24.90454545,25.97272727,23.78181818,211006370.9,69518615.27,800755712,8346394624,800755712,8126898176
29,36,5333,0.01875,400,2.7,34.92272727,13.25863636,40.27272727,39.72727273,40.72727273,27.32727273,25.61818182,28.81818182,213806917.8,70092055.27,801586082.9,8346394624,801586082.9,8126898176
33,41,5333,0.01875,400,2.8,36.42857143,13.87142857,43.76190476,42.33333333,45.14285714,30.37619048,26.47619048,34.37142857,215043315.8,70904490.67,803519146.7,8346394624,803519146.7,8126898176
37,46,5333,0.01875,400,2.8,35.52272727,13.33181818,43.90454545,42.8,44.87272727,32.01818182,28.91818182,34.96363636,214245376,70621556.36,803406754.9,8346394624,803406754.9,8126898176
41,51,5333,0.01875,400,3,36.08636364,13.37272727,45.77272727,45.40909091,46.22727273,33.82272727,40.66363636,27.11818182,215621818.2,70618949.82,803700922.2,8346394624,803700922.2,8126898176
45,56,5333,0.01875,400,3.2,36.57142857,13.55238095,49.0952381,48.28571429,49.95238095,37.4047619,37.61904762,37.05714286,217824694.9,71697164.19,805434904.4,8346394624,805434904.4,8126898176
0,0,4000,0.025,301.3,2.2,27.45909091,10.30772727,22.6,22,23.2,9.240909091,9.672727273,8.781818182,216393728,66586251.64,793988375.3,8346394624,793988375.3,8126898176
5,6,4000,0.025,301.3,2.1,25.67272727,10.51090909,23.95,24.41818182,23.39090909,12.25909091,13.75454545,10.48181818,215684933.8,66893637.82,798162013.1,8346394624,798162013.1,8126898176
9,11,4000,0.025,301.3,2.2,25.12727273,10.25,25.30454545,24.32727273,26.19090909,14.25454545,15.49090909,13.09090909,217236200.7,66498746.18,797950324.4,8346394624,797950324.4,8126898176
13,16,4000,0.025,301.3,2.2,26.23809524,10.70952381,28.0952381,26.61904762,29.47619048,16.92380952,17.4,16.73333333,217891401.1,67517683.81,798588342.9,8346394624,798588342.9,8126898176
17,21,4000,0.025,301.3,2.2,25.83636364,10.445,29.01818182,28.2,29.9,18.80909091,17.03636364,20.57272727,219241378.9,66214818.91,797259962.2,8346394624,797259962.2,8126898176
21,26,4000,0.025,301.3,2.4,26.83181818,10.40409091,31.38636364,30.03636364,32.71818182,20.95909091,19.30909091,22.71818182,221268898.9,64708049.45,795485090.9,8346394624,795485090.9,8126898176
25,31,4000,0.025,301.3,2.3,25.87272727,10.35,32.43181818,31.37272727,33.25454545,23.22727273,23.38181818,23.15454545,221578891.6,65724974.55,797029841.5,8346394624,797029841.5,8126898176
29,36,4000,0.025,301.3,2.7,26.57142857,10.65714286,35.42857143,34.52380952,36.38095238,26.48571429,35.00952381,17.91428571,221622662.1,66807125.33,797986425.9,8346394624,797986425.9,8126898176
33,41,4000,0.025,301.3,2.4,26.30454545,10.40409091,36.17727273,36.60909091,35.65454545,27.94545455,25.62727273,30.2,222125707.6,66929384.73,798133527.3,8346394624,798133527.3,8126898176
37,46,4000,0.025,301.3,2.7,26.25454545,10.42818182,37.86363636,36.25454545,39.46363636,30.01818182,27.41818182,32.65454545,223085102.5,65780270.55,797777547.6,8346394624,797777547.6,8126898176
41,51,4000,0.025,301.3,2.4,25.96363636,10.13181818,39.28636364,38.74545455,39.87272727,32.23636364,27.94545455,36.35454545,224223976.7,66550877.09,799427304.7,8346394624,799427304.7,8126898176
45,56,4000,0.025,301.3,2.6,27.52380952,10.7,43.0952381,41.04761905,45.0952381,35.79047619,34.36190476,37.02857143,224764489.1,67244227.05,798857898.7,8346394624,798857898.7,8126898176
49,61,4000,0.025,301.3,2.5,25.99090909,10.37727273,42.8,42.80909091,42.83636364,36.75,43.12727273,30.29090909,225467857.5,66445684.36,798197015.3,8346394624,798197015.3,8126898176
53,66,4000,0.025,301.3,2.5,26.34545455,10.35681818,44.71363636,42.90909091,46.60909091,39.2,44.84545455,33.14545455,226491485.1,65064029.09,796463104,8346394624,796463104,8126898176
57,71,4000,0.025,301.3,2.6,26.35454545,10.10227273,46.38181818,43.23636364,49.42727273,41.16818182,35.65454545,46.58181818,227901067.6,65963845.82,798104855.3,8346394624,798104855.3,8126898176
61,76,4000,0.025,301.3,2.6,27.76190476,10.73333333,50.52380952,49.76190476,51.04761905,45.01904762,38.8,51.38095238,227300498.3,66726570.67,797766022.1,8346394624,797766022.1,8126898176
0,0,5333,0.01875,400,2.4,34.61363636,13.50454545,27.80454545,26.82727273,28.77272727,10.90909091,11.54545455,10.40909091,226027892.4,70184587.64,798967994.2,8346394624,798967994.2,8126898176
5,6,5333,0.01875,399.9,2.5,34.26363636,13.66590909,29.8,29.36363636,30.27272727,13.94545455,14.61818182,13.26363636,226442333.1,70377658.18,803056733.1,8346394624,803056733.1,8126898176
9,11,5333,0.01875,400,2.5,36.28571429,13.8047619,33.23809524,31.52380952,34.57142857,16.47142857,16.26666667,16.80952381,227849167.2,71210910.48,803672844.2,8346394624,803672844.2,8126898176
13,16,5333,0.01875,400,2.7,34.87727273,13.61,33.54090909,33.14545455,33.75454545,18.25,18.54545455,17.95454545,228750429.1,70282146.91,803276427.6,8346394624,803276427.6,8126898176
17,21,5333,0.01875,400,2.6,34.39545455,13.45545455,35.04545455,33.69090909,36.17272727,20.84090909,21.43636364,20.37272727,230365370.2,71522490.18,804385698.9,8346394624,804385698.9,8126898176
21,26,5333,0.01875,400,2.5,36.14285714,14.08571429,38.28571429,36.38095238,39.9047619,23.56190476,27.92380952,19.15238095,236636452.6,71157077.33,804774473.1,8346394624,804774473.1,8126898176
25,31,5333,0.01875,400,2.8,35.11818182,13.75454545,38.57272727,37.24545455,40.08181818,25.04545455,26.05454545,24.21818182,239952616.7,70961710.55,804305454.5,8346394624,804305454.5,8126898176
29,36,5333,0.01875,400,2.9,34.73636364,13.54909091,40.04545455,39.86363636,40.39090909,27.21363636,23.95454545,30.43636364,244950109.1,71829131.64,804598504.7,8346394624,804598504.7,8126898176
33,41,5333,0.01875,400,2.8,36.23809524,14.00952381,43.66666667,42.76190476,44.14285714,30.64761905,25.72380952,35.23809524,249983171,71547367.62,804475465.1,8346394624,804475465.1,8126898176
37,46,5333,0.01875,400,2.9,35.55454545,13.55454545,43.71818182,43.82727273,43.79090909,31.64545455,33.5,30.02727273,254911767.3,71426606.55,804747450.2,8346394624,804747450.2,8126898176
41,51,5333,0.01875,400,3,35.27727273,13.46909091,45.46818182,44.70909091,46.45454545,33.95909091,36.76363636,31.29090909,256401035.6,71243589.82,804502993.5,8346394624,804502993.5,8126898176
45,56,5333,0.01875,400,3.2,35.12727273,13.52727273,47.1,46.34545455,47.76363636,35.89090909,35.76363636,36.24545455,256874123.6,72587077.82,806246586.2,8346394624,806246586.2,8126898176
0,0,4000,0.025,301.3,2.2,27.24545455,10.54545455,22.30909091,21.36363636,23.25454545,9.159090909,9.327272727,9.027272727,257550708.4,68158557.09,798982702.5,8346394624,798982702.5,8126898176
5,6,4000,0.025,301.3,2.1,25.07272727,10.42272727,23.47272727,23.05454545,23.88181818,11.95,13.16363636,10.8,257145390.5,69416215.27,802807994.2,8346394624,802807994.2,8126898176
9,11,4000,0.025,301.3,2.1,25.1,10.60227273,25.23181818,24.47272727,26.17272727,14.44090909,13.30909091,15.45454545,257160843.6,69682827.64,803334144,8346394624,803334144,8126898176
13,16,4000,0.025,301.3,2.2,26.85714286,10.91904762,28.28571429,27.57142857,29.14285714,17.18571429,19.53333333,14.6952381,258201892.6,68382915.05,801733485.7,8346394624,801733485.7,8126898176
17,21,4000,0.025,301.3,2.2,25.21363636,10.51454545,28.79545455,28.58181818,28.78181818,18.89090909,18.63636364,19.14545455,259723822.5,70299275.64,804217390.5,8346394624,804217390.5,8126898176
21,26,4000,0.025,301.3,2.2,25.77272727,10.33772727,30.71363636,31.2,30.23636364,20.94090909,18.43636364,23.69090909,261409698.9,68734789.82,803308450.9,8346394624,803308450.9,8126898176
25,31,4000,0.025,301.3,2.3,25.62727273,10.37227273,32.34090909,31.81818182,32.72727273,23.38636364,23.83636364,22.89090909,265010641.5,68977570.91,803925085.1,8346394624,803925085.1,8126898176
29,36,4000,0.025,301.3,2.3,26.61904762,10.97619048,35.66666667,32.9047619,38,26.66666667,24.03809524,29.34285714,270781098.7,68628480,802291907,8346394624,802291907,8126898176
33,41,4000,0.025,301.3,2.4,25.46363636,10.40454545,35.62272727,35.16363636,36.26363636,27.70909091,27.03636364,28.38181818,274628421.8,69108829.09,802842251.6,8346394624,802842251.6,8126898176
37,46,4000,0.025,301.3,2.4,26.22272727,10.12318182,37.83636364,35.69090909,40.05454545,30.07272727,24.85,35.20454545,276167214.5,68985204.36,803486440.7,8346394624,803486440.7,8126898176
41,51,4000,0.025,301.3,2.4,26.05454545,10.36681818,39.32727273,35.93636364,42.9,32.28636364,39.31818182,25.44545455,276047872,68770350.55,803528145.5,8346394624,803528145.5,8126898176
45,56,4000,0.025,301.3,2.5,27.23809524,10.6952381,43.0952381,42.28571429,43.76190476,35.82857143,33.46666667,38.33333333,276425776.8,68373942.86,803001685.3,8346394624,803001685.3,8126898176
49,61,4000,0.025,301.3,2.5,26.00454545,10.42727273,42.8,40.42727273,45.21818182,36.57727273,40,33.43636364,276460264.7,67075537.45,801835380.4,8346394624,801835380.4,8126898176
53,66,4000,0.025,301.3,2.5,26.20909091,10.285,44.64090909,44.02727273,45.36363636,39.17272727,40.16363636,37.95454545,276676608,67206423.27,802149096.7,8346394624,802149096.7,8126898176
57,71,4000,0.025,301.3,2.6,26.25909091,10.585,46.41363636,46.10909091,46.43636364,41.51818182,31.14545455,51.74545455,278939089.5,67167325.09,801441978.2,8346394624,801441978.2,8126898176
61,76,4000,0.025,301.3,2.5,27.61904762,10.8,50.23809524,51.42857143,49.04761905,45.03809524,50.24761905,39.87619048,282921057.5,67873060.57,802689024,8346394624,802689024,8126898176
0,0,5333,0.01875,400,2.3,35.97727273,13.19181818,28.47272727,27.81818182,29.15454545,10.93181818,11.20909091,10.41818182,285991470.5,70187380.36,799617024,8346394624,799617024,8126898176
5,6,5333,0.01875,400,2.3,34.02272727,13.73909091,29.67272727,29,30.28181818,14.12272727,14.54545455,13.41818182,288142242.9,71718353.45,806068782.5,8346394624,806068782.5,8126898176
9,11,5333,0.01875,400,2.4,36.38095238,14.15238095,33.14285714,32.61904762,33.57142857,16.6952381,17.75238095,15.68571429,289245281.5,71244458.67,805963873.5,8346394624,805963873.5,8126898176
13,16,5333,0.01875,400,2.5,34.15909091,13.55909091,32.92727273,33.18181818,32.87272727,18.31363636,20.00909091,16.71818182,289966266.2,72362170.18,807070440.7,8346394624,807070440.7,8126898176
17,21,5333,0.01875,400,2.6,34.73636364,13.71363636,34.92727273,34.9,34.86363636,20.66818182,21.70909091,19.43636364,293508561.5,71295906.91,806236904.7,8346394624,806236904.7,8126898176
21,26,5333,0.01875,400,2.8,36.19047619,13.95238095,38.76190476,38.85714286,38.57142857,23.61904762,25.60952381,21.74285714,298235416.4,72211309.71,807671320.4,8346394624,807671320.4,8126898176
25,31,5333,0.01875,400,3.2,34.52727273,13.52954545,38.27727273,37.17272727,39.34545455,25.1,21.90909091,28.21818182,301308462.5,72764136.73,807708858.2,8346394624,807708858.2,8126898176
0,0,4000,0.025,301.3,2.1,27.84285714,10.79047619,22.95238095,22.36190476,23.66666667,9.419047619,9.733333333,9.085714286,302557086.5,67515148.19,799283102.5,8346394624,799283102.5,8126898176
5,6,4000,0.025,301.3,2.1,26.07142857,10.89047619,24.42857143,23.9047619,25,12.22380952,12.4952381,12.03809524,303296317,66141622.86,800269068.2,8346394624,800269068.2,8126898176
9,11,4000,0.025,301.3,2.2,25.10909091,10.63681818,25.3,25.1,25.31818182,14.71818182,14,15.4,303593472,67076654.55,801763700.4,8346394624,801763700.4,8126898176
13,16,4000,0.025,301.3,2.2,25.55,10.46045455,27.11363636,25.93636364,28.22727273,16.61818182,19.07272727,14.36363636,303443595.6,67823616,801673774.5,8346394624,801673774.5,8126898176
17,21,4000,0.025,301.3,2.3,25.38636364,10.34181818,28.76363636,28.85454545,28.67272727,19.07272727,18.36363636,19.62727273,304384372.4,65269201.45,799143563.6,8346394624,799143563.6,8126898176
21,26,4000,0.025,301.3,2.2,26.38095238,10.69047619,31.85714286,31.28571429,32.23809524,21.67142857,24.98095238,18.32380952,306887923.8,65313255.62,800458264.4,8346394624,800458264.4,8126898176
25,31,4000,0.025,301.3,2.2,25.38181818,10.71363636,32.19545455,31.7,32.91818182,23.53181818,26.01818182,20.91818182,307928157.1,66487575.27,801146135.3,8346394624,801146135.3,8126898176
29,36,4000,0.025,301.3,2.4,25.65909091,10.59045455,34.09090909,34.38181818,33.72727273,25.56363636,27.82727273,23.28181818,310380544,67930670.55,802331182.5,8346394624,802331182.5,8126898176
33,41,4000,0.025,301.3,2.3,25.25454545,10.34772727,35.57727273,33.54545455,37.74545455,27.82272727,25.05454545,30.29090909,313720087.3,67424069.82,802945024,8346394624,802945024,8126898176
37,46,4000,0.025,301.3,2.5,27.04761905,10.72380952,39.38095238,37.80952381,40.80952381,30.8047619,32.00952381,29.74285714,314820705.5,65364943.24,801452032,8346394624,801452032,8126898176
41,51,4000,0.025,301.3,2.3,25.71363636,10.71818182,39.23181818,37.54545455,40.82727273,32.57727273,28.8,36.08181818,316581888,67689192.73,802184657.5,8346394624,802184657.5,8126898176
45,56,4000,0.025,301.3,2.4,25.68181818,10.58545455,40.81363636,38.92727273,42.79090909,34.72272727,30.84545455,38.74545455,320926626.9,67426117.82,802082071.3,8346394624,802082071.3,8126898176
49,61,4000,0.025,301.3,2.6,26.03636364,10.63681818,42.86818182,39.46363636,46.09090909,37.05909091,36.69090909,37.56363636,323710045.1,66496884.36,802208861.1,8346394624,802208861.1,8126898176
53,66,4000,0.025,301.3,2.4,26.95238095,10.5952381,46.57142857,44.57142857,48.47619048,40.58571429,43.56190476,37.41904762,328763099.4,67412358.1,803688643,8346394624,803688643,8126898176
57,71,4000,0.025,301.3,2.8,26.37727273,10.61363636,46.41818182,44.60909091,48.04545455,41.29545455,38.45454545,44,331056407.3,66792913.45,802410123.6,8346394624,802410123.6,8126898176
0,0,5333,0.01875,400,2.3,34.07272727,13.61772727,27.45909091,26.32727273,28.45454545,10.85454545,11.19090909,10.88181818,333897914.2,70578362.18,801952674.9,8346394624,801952674.9,8126898176
5,6,5333,0.01875,400,2.4,34.28181818,13.45272727,29.65,28.30909091,31.12727273,13.78181818,13.72727273,13.92727273,336812218.2,70038993.45,805410629.8,8346394624,805410629.8,8126898176
9,11,5333,0.01875,400,2.6,34.30909091,13.55454545,31.45454545,30.73636364,32.26363636,16.03636364,14.61818182,17.40909091,337921303.3,71623028.36,806768267.6,8346394624,806768267.6,8126898176
13,16,5333,0.01875,400,2.5,34.19545455,13.82,33.10454545,32.5,33.46363636,18.37272727,18.77272727,17.97272727,339502173.1,71672180.36,810531560.7,8346394624,810531560.7,8126898176
17,21,5333,0.01875,400,2.7,34.44090909,13.8,34.76363636,33.87272727,35.74545455,20.65454545,22.80909091,18.68181818,341574004.4,71922781.09,809531578.2,8346394624,809531578.2,8126898176
21,26,5333,0.01875,400,2.7,34.92272727,13.98636364,36.70454545,36.9,36.55454545,22.79090909,23.07272727,22.67272727,344854528,72058507.64,809206132.4,8346394624,809206132.4,8126898176
25,31,5333,0.01875,400,2.9,34.94090909,13.52454545,38.58636364,36.20909091,40.95454545,25.17727273,26.27272727,23.96363636,347734760.7,72019595.64,809921070.5,8346394624,809921070.5,8126898176
29,36,5333,0.01875,400,2.8,34.45,13.33318182,40.00454545,37.69090909,42.27272727,27.51818182,22.15454545,32.72727273,350156241.5,72752407.27,810985099.6,8346394624,810985099.6,8126898176
33,41,5333,0.01875,400,3.1,34.80454545,13.65,41.86363636,40.65454545,43.07272727,29.40909091,25.12727273,33.64545455,352301056,73324357.82,811663732.4,8346394624,811663732.4,8126898176
0,0,4000,0.025,301.3,2.1,26.92272727,10.525,22.05909091,21.81818182,22.43636364,9.25,9.363636364,9.245454545,353666141.1,68782080,803180357.8,8346394624,803180357.8,8126898176
5,6,4000,0.025,301.3,2.3,26.13181818,10.68363636,24.08181818,23.33636364,24.86363636,12.19545455,13.14545455,11.43636364,357433344,68348090.18,804728273.5,8346394624,804728273.5,8126898176
9,11,4000,0.025,301.3,2.2,25.98571429,11.04761905,26.19047619,25.47619048,26.85714286,14.9,14.61904762,14.93333333,359738806.9,68273688.38,805438025.1,8346394624,805438025.1,8126898176
13,16,4000,0.025,301.3,2.6,26.61904762,10.85952381,28.33333333,26.76190476,30,17.31904762,16.0952381,18.63809524,361308160,67107303.62,804776228.6,8346394624,804776228.6,8126898176
17,21,4000,0.025,301.3,2.3,25.49090909,10.45909091,28.63181818,27.8,29.67272727,18.69090909,21.12727273,16.22727273,363697989.8,67338612.36,804904401.5,8346394624,804904401.5,8126898176
21,26,4000,0.025,301.3,2.3,25.46818182,10.35727273,30.45909091,29.09090909,31.82727273,21.09545455,19.40909091,22.63636364,364923997.1,67859735.27,805797515.6,8346394624,805797515.6,8126898176
25,31,4000,0.025,301.3,2.3,26.47619048,10.73333333,33.47619048,32.33333333,34.71428571,24.1047619,25.4952381,22.66666667,365762657.5,66997101.71,804636964.6,8346394624,804636964.6,8126898176
29,36,4000,0.025,301.3,2.3,26.54285714,10.86190476,35.42857143,34.80952381,36,26.61428571,27.99047619,25.11428571,368053686.9,67904658.29,805851331,8346394624,805851331,8126898176
33,41,4000,0.025,301.3,2.4,26.38181818,10.44090909,36.23181818,35.96363636,36.40909091,27.59090909,28.46363636,26.81818182,371338146.9,67174772.36,804437085.1,8346394624,804437085.1,8126898176
37,46,4000,0.025,301.3,2.4,26.06363636,10.39454545,37.73181818,38.94545455,36.35454545,30.21818182,34.10909091,26.37272727,372710865.5,68918178.91,806436119.3,8346394624,806436119.3,8126898176
41,51,4000,0.025,301.3,2.4,26.71428571,11.01428571,40.9047619,39.04761905,42.71428571,33.64285714,32.43809524,34.41904762,374064274.3,67890029.71,805423981.7,8346394624,805423981.7,8126898176
45,56,4000,0.025,301.3,2.4,26.05,10.78181818,41.06363636,42.58181818,39.72727273,34.74090909,37.61818182,31.86363636,377024512,68168797.09,805599045.8,8346394624,805599045.8,8126898176
49,61,4000,0.025,301.3,2.5,26.05909091,10.43181818,42.8,40.55454545,45.18181818,36.68181818,45.36363636,27.98181818,379267444.4,69328709.82,807352320,8346394624,807352320,8126898176
53,66,4000,0.025,301.3,2.5,26.45454545,10.60727273,44.72272727,44.29090909,45.22727273,39.22272727,41.55454545,36.76363636,379629195.6,66663144.73,805583220.4,8346394624,805583220.4,8126898176
57,71,4000,0.025,301.3,2.6,27.14285714,10.9952381,48.52380952,44.80952381,51.95238095,42.82857143,34.77142857,50.83809524,380149369.9,68290852.57,807094759.6,8346394624,807094759.6,8126898176
61,76,4000,0.025,301.3,2.6,27.47619048,10.96666667,50.23809524,50.9047619,49.76190476,45.54285714,39.85714286,51.22857143,381269723.4,67949129.14,806932675,8346394624,806932675,8126898176
0,0,5333,0.01875,400,2.4,35.95454545,13.69227273,28.45909091,27.55454545,29.44545455,11.04545455,11.57272727,10.51818182,383070394.2,71102277.82,804980177.5,8346394624,804980177.5,8126898176
5,6,5333,0.01875,400,2.4,34.14545455,13.76090909,29.55,29.01818182,30.21818182,14.03181818,15.22727273,12.91818182,385018973.1,72129815.27,809818484.4,8346394624,809818484.4,8126898176
9,11,5333,0.01875,400,2.6,34.32272727,13.74545455,31.44545455,30.38181818,32.50909091,16.05,16.51818182,15.67272727,387288157.1,72398848,810316520.7,8346394624,810316520.7,8126898176
13,16,5333,0.01875,400,2.5,34.2,13.88727273,32.94545455,31.97272727,33.81818182,18.65,16.89090909,20.30909091,391875490.9,72735464.73,810830196.4,8346394624,810830196.4,8126898176
17,21,5333,0.01875,400,2.6,34.14090909,13.56363636,34.81818182,33.39090909,36.01818182,20.39545455,19.11818182,21.76363636,393702306.9,74409611.64,813224866.9,8346394624,813224866.9,8126898176
21,26,5333,0.01875,400,2.6,34.45454545,13.92272727,36.34090909,35.44545455,37.41818182,22.87272727,20.07272727,25.68181818,395112261.8,73551313.45,811719773.1,8346394624,811719773.1,8126898176
25,31,5333,0.01875,400,2.8,35.5,13.94318182,38.59090909,36.20909091,41.09090909,25.46818182,30.41818182,20.4,396955275.6,72912337.45,811173143.3,8346394624,811173143.3,8126898176
29,36,5333,0.01875,400,2.7,34.90454545,13.45636364,39.97727273,38.34545455,41.79090909,27.3,32.8,21.8,401082554.2,71862458.18,811137954.9,8346394624,811137954.9,8126898176
33,41,5333,0.01875,400,3.1,34.95454545,13.66363636,41.86818182,41.67272727,42.24545455,29.8,32.17272727,27.51818182,404829463.3,73697838.55,812964398.5,8346394624,812964398.5,8126898176
37,46,5333,0.01875,400,2.9,35.38181818,13.80272727,43.54545455,42.63636364,44.81818182,31.88181818,34.99090909,28.77272727,406317986.9,72349509.82,811907072,8346394624,811907072,8126898176
41,51,5333,0.01875,400,3.2,35.37727273,13.64363636,45.63636364,43.79090909,47.39090909,34.16818182,33.9,34.56363636,409745966.5,72446696.73,812784733.1,8346394624,812784733.1,8126898176
