NumOfRequests,Period, Throughput, Response Time,Acme Web CPU Usage,MongoDB CPU Usage,VM 1 Avg Host CPU Usage,VM 1 Host CPU 0 Usage,VM 1 Host CPU 1 Usage,VM 2 Avg Host CPU Usage,VM 2 Host CPU 0 Usage,VM 2 Host CPU 1 Usage,MongoDB Memory Usage,Acme Web Memory Usage,VM 1 Host Mem Usage,VM 1 Host Mem Total,VM 2 Host Mem Usage,VM 2 Host Mem Total
500,0.2,39.5,2,4.345,1.7855,6.06,6.37,5.75,3.495,3.43,3.56,85610291.2,44726272,714331750.4,8346394624,714331750.4,8126898176
1000,0.1,77.9,2,8.747619048,2.938571429,9.204761905,9.380952381,8.885714286,4.247619048,4.266666667,4.228571429,86004882.29,42325918.48,712002803.8,8346394624,712002803.8,8126898176
500,0.2,39.5,2.2,4.6,1.8015,6.295,6.5,6.09,3.475,3.38,3.57,86584320,44533350.4,714011443.2,8346394624,714011443.2,8126898176
1000,0.1,77.9,2,8.523809524,2.955714286,8.914285714,9.028571429,8.666666667,4.342857143,4.323809524,4.361904762,87612269.71,40700976.76,709741031.6,8346394624,709741031.6,8126898176
500,0.2,39.5,2,4.405263158,1.852631579,6.184210526,6.357894737,6.010526316,3.547368421,3.621052632,3.473684211,88675813.05,44061103.16,713301800.4,8346394624,713301800.4,8126898176
1000,0.1,77.9,1.9,7.975,3.005,8.74,8.92,8.59,4.35,4.33,4.37,90118963.2,43102208,712567808,8346394624,712567808,8126898176
500,0.2,39.5,2,4.307,1.83,6.105,6.01,6.2,3.45,3.42,3.48,91237990.4,44566323.2,714092134.4,8346394624,714092134.4,8126898176
1000,0.1,77.9,2,8.785,3,9.245,9.34,9.03,4.415,4.42,4.41,92207718.4,42194534.4,712104550.4,8346394624,712104550.4,8126898176
500,0.2,39.5,2.1,4.91,1.8175,6.405,6.49,6.32,3.54,3.52,3.56,92914278.4,43913420.8,713610240,8346394624,713610240,8126898176
1000,0.1,77.9,2,8.123809524,2.92952381,8.785714286,9.238095238,8.40952381,4.333333333,4.323809524,4.342857143,93672204.19,42392624.76,712106374.1,8346394624,712106374.1,8126898176
500,0.2,39.5,2.2,5.46,1.8615,6.63,6.61,6.65,3.61,3.53,3.69,94657536,39156326.4,708345446.4,8346394624,708345446.4,8126898176
1000,0.1,77.9,2,8.3,2.944285714,8.842857143,9.076190476,8.552380952,4.419047619,4.466666667,4.371428571,95783789.71,42746636.19,711929270.9,8346394624,711929270.9,8126898176
500,0.2,39.5,2.1,5.121052632,1.863684211,6.573684211,6.831578947,6.315789474,3.578947368,3.621052632,3.536842105,96758514.53,44985505.68,714264360.4,8346394624,714264360.4,8126898176
1000,0.1,77.9,2,8.738095238,2.952857143,9.166666667,9.466666667,8.819047619,4.276190476,4.295238095,4.257142857,97693696,42446262.86,711806000.8,8346394624,711806000.8,8126898176
500,0.2,39.5,2.2,4.98,1.882,6.4,6.49,6.31,3.54,3.41,3.67,99081216,44246016,713406259.2,8346394624,713406259.2,8126898176
1000,0.1,77.9,2,8.675,3.04,9.18,9.28,8.97,4.37,4.33,4.41,100236902.4,42272563.2,711667507.2,8346394624,711667507.2,8126898176
500,0.2,39.5,2,4.276,1.875,5.98,5.96,6,3.49,3.38,3.6,101056921.6,45053337.6,714552934.4,8346394624,714552934.4,8126898176
1000,0.1,77.9,2,8.043166667,2.945714286,9.00952381,9.533333333,8.476190476,4.30952381,4.266666667,4.352380952,101791061.3,42496780.19,711861979.4,8346394624,711861979.4,8126898176
500,0.2,39.5,2,4.142105263,1.894736842,5.905263158,5.957894737,5.852631579,3.557894737,3.494736842,3.621052632,102869099.8,44657825.68,713921374.3,8346394624,713921374.3,8126898176
1000,0.1,77.9,2.1,9.495,3.125,9.615,10.12,9.26,4.43,4.36,4.5,103550566.4,41822003.2,710852608,8346394624,710852608,8126898176
500,0.2,39.5,2,4.415,1.861,6.015,6.23,5.8,3.555,3.5,3.61,104955289.6,45345587.2,714306150.4,8346394624,714306150.4,8126898176
1000,0.1,77.9,1.9,7.519047619,3.006190476,8.476190476,8.676190476,8.266666667,4.352380952,4.257142857,4.447619048,106447238.1,42934857.14,712398555.4,8346394624,712398555.4,8126898176
500,0.2,39.5,2,4.2,1.8385,5.94,5.87,6.01,3.5,3.47,3.53,106986496,44991897.6,714275840,8346394624,714275840,8126898176
1000,0.1,77.9,1.9,7.855,2.9995,8.6,8.72,8.51,4.39,4.36,4.42,107754496,44099993.6,713492275.2,8346394624,713492275.2,8126898176
500,0.2,39.5,2.1,4.973684211,1.936842105,6.436842105,6.652631579,6.221052632,3.621052632,3.536842105,3.705263158,111230760.4,45832946.53,715294827.8,8346394624,715294827.8,8126898176
1000,0.1,77.9,1.9,8.03,3.091,8.845,9.12,8.54,4.43,4.44,4.42,112091136,43874099.2,713604300.8,8346394624,713604300.8,8126898176
500,0.2,39.5,2,4.273684211,1.968421053,5.968421053,6.073684211,5.863157895,3.568421053,3.589473684,3.547368421,112955176.4,44999949.47,714585357.5,8346394624,714585357.5,8126898176
1000,0.1,77.9,1.9,7.5,3.07,8.56,8.79,8.33,4.42,4.31,4.53,113862451.2,43301478.4,712668979.2,8346394624,712668979.2,8126898176
500,0.2,39.5,2.1,4.13,1.8605,5.975,5.94,6.01,3.535,3.5,3.57,114850816,45134028.8,714464870.4,8346394624,714464870.4,8126898176
1000,0.1,77.9,2,7.938095238,2.988095238,8.671428571,8.857142857,8.476190476,4.333333333,4.314285714,4.352380952,116026611.8,43620449.52,713206052.6,8346394624,713206052.6,8126898176
500,0.2,39.5,2,4.5,1.865,6.115,5.99,6.24,3.55,3.6,3.5,116861337.6,44868198.4,714199654.4,8346394624,714199654.4,8126898176
1000,0.1,77.9,1.9,7.952380952,2.995238095,8.60952381,8.828571429,8.333333333,4.414285714,4.4,4.428571429,117771117.7,43328658.29,712924793.9,8346394624,712924793.9,8126898176
500,0.2,39.5,2,4.557894737,1.889473684,6.326315789,6.494736842,6.157894737,3.584210526,3.421052632,3.747368421,118847595.8,45360613.05,714733029.1,8346394624,714733029.1,8126898176
1000,0.1,77.9,2,8.625,3.057,9.08,8.99,9.24,4.525,4.43,4.62,119739596.8,43179827.2,712700108.8,8346394624,712700108.8,8126898176
500,0.2,39.5,2.1,4.957894737,1.910526316,6.394736842,6.378947368,6.410526316,3.647368421,3.778947368,3.515789474,120797076.2,45343366.74,715218512.8,8346394624,715218512.8,8126898176
1000,0.1,77.9,2,8.145,3.06,8.785,9.24,8.32,4.44,4.28,4.6,121692569.6,43940659.2,713641574.4,8346394624,713641574.4,8126898176
500,0.2,39.5,2,4.13,1.852,5.96,6.2,5.72,3.625,3.55,3.7,122508492.8,45397196.8,714802380.8,8346394624,714802380.8,8126898176
1000,0.1,77.9,1.9,7.62,3.07,8.61,8.8,8.42,4.405,4.27,4.54,122756710.4,43489894.4,713027379.2,8346394624,713027379.2,8126898176
500,0.2,39.5,2,4.455,1.83,6.15,6.2,6.1,3.53,3.5,3.56,122947174.4,44631449.6,714070425.6,8346394624,714070425.6,8126898176
1000,0.1,77.9,2,8.180952381,2.992857143,8.761904762,9.2,8.361904762,4.4,4.485714286,4.314285714,123373860.6,43067879.62,713123742.5,8346394624,713123742.5,8126898176
500,0.2,39.5,2,4.157894737,1.913684211,6.026315789,5.884210526,6.168421053,3.636842105,3.673684211,3.6,124210337.7,45148914.53,714617047.6,8346394624,714617047.6,8126898176
1000,0.1,77.9,1.9,7.180952381,3.044761905,8.319047619,8.666666667,7.942857143,4.366666667,4.304761905,4.428571429,125711896.4,43700224,713589906.3,8346394624,713589906.3,8126898176
500,0.2,39.5,2,4.168421053,1.936842105,6.036842105,6.157894737,5.915789474,3.647368421,3.652631579,3.642105263,127062016,45558298.95,715141120,8346394624,715141120,8126898176
1000,0.1,77.9,1.9,7.545,3.054,8.48,8.81,8.15,4.515,4.47,4.56,127644467.2,44109209.6,713798246.4,8346394624,713798246.4,8126898176
500,0.2,39.5,2,4.536842105,1.947368421,6.1,6.336842105,5.863157895,3.710526316,3.6,3.821052632,128050014.3,45332803.37,714734753.7,8346394624,714734753.7,8126898176
1000,0.1,77.9,2,8.785,3.13,9.205,9.25,9.17,4.565,4.44,4.69,128872243.2,43439923.2,713150259.2,8346394624,713150259.2,8126898176
500,0.2,39.5,2,4.215,1.929,5.93,6.17,5.69,3.615,3.61,3.62,129652121.6,46115430.4,715189452.8,8346394624,715189452.8,8126898176
1000,0.1,77.9,2,7.904761905,2.96952381,8.633333333,9.019047619,8.276190476,4.423809524,4.39047619,4.457142857,129801264.8,43643855.24,713019197,8346394624,713019197,8126898176
500,0.2,39.5,2,4.365,1.8825,6.04,6,6.08,3.57,3.51,3.63,129810227.2,45184614.4,714537574.4,8346394624,714537574.4,8126898176
1000,0.1,77.9,2,8.371428571,3.046190476,8.819047619,9.095238095,8.638095238,4.380952381,4.104761905,4.657142857,130231149.7,44085248,713528466.3,8346394624,713528466.3,8126898176
500,0.2,39.5,2,4.510526316,1.953684211,6.178947368,6.557894737,5.8,3.663157895,3.610526316,3.715789474,130357355.8,46552764.63,715678989.5,8346394624,715678989.5,8126898176
1000,0.1,77.9,1.9,7.461904762,3.054285714,8.361904762,8.552380952,8.123809524,4.342857143,4.380952381,4.304761905,130402206.5,43866989.71,713508181.3,8346394624,713508181.3,8126898176
500,0.2,39.5,2,3.965,1.94,5.865,5.75,5.98,3.545,3.58,3.51,130452889.6,45794508.8,714957619.2,8346394624,714957619.2,8126898176
1000,0.1,77.9,1.9,7.415,3.0575,8.385,8.55,8.22,4.485,4.46,4.51,130549760,45063372.8,714583859.2,8346394624,714583859.2,8126898176
500,0.2,39.5,2,4.084210526,1.889473684,5.905263158,5.894736842,5.915789474,3.563157895,3.547368421,3.578947368,130644075.8,45872181.89,715138964.2,8346394624,715138964.2,8126898176
1000,0.1,77.9,2,8.41,3.165,9.055,9.25,8.72,4.53,4.71,4.35,130655846.4,44156518.4,713330892.8,8346394624,713330892.8,8126898176
500,0.2,39.5,2,4.547368421,1.942105263,6.189473684,6.094736842,6.284210526,3.626315789,3.715789474,3.536842105,130534777.3,45319006.32,714625024,8346394624,714625024,8126898176
1000,0.1,77.9,2,7.923809524,3.00047619,8.685714286,9.028571429,8.380952381,4.352380952,4.276190476,4.428571429,131166988.2,43460120.38,712908995,8346394624,712908995,8126898176
500,0.2,39.5,2,4.055,1.8485,5.935,6.175,5.695,3.54,3.4,3.68,132345241.6,45296435.2,714282598.4,8346394624,714282598.4,8126898176
1000,0.1,77.9,1.9,7.29047619,2.989047619,8.347619048,8.742857143,7.923809524,4.366666667,4.276190476,4.457142857,133237418.7,44194084.57,713535488,8346394624,713535488,8126898176
500,0.2,39.5,2,3.99,1.919,5.835,5.77,5.9,3.53,3.61,3.45,133791129.6,45448806.4,714588364.8,8346394624,714588364.8,8126898176
1000,0.1,77.9,1.9,7.415,3.0645,8.45,8.5,8.41,4.57,4.53,4.61,134779084.8,43653734.4,712871936,8346394624,712871936,8126898176
500,0.2,39.5,2,4.531578947,1.963157895,6.110526316,6.305263158,5.915789474,3.610526316,3.557894737,3.663157895,135811072,45333881.26,714371072,8346394624,714371072,8126898176
1000,0.1,77.9,1.9,8.155,3.073,8.83,8.88,8.73,4.39,4.26,4.52,136812134.4,44793241.6,713991168,8346394624,713991168,8126898176
500,0.2,39.5,2.1,4.705,1.8565,6.235,6.16,6.31,3.56,3.66,3.46,137880371.2,46223155.2,715542937.6,8346394624,715542937.6,8126898176
1000,0.1,77.9,2,8.52,3.145,9.005,9.33,8.72,4.49,4.595,4.385,138801971.2,42598195.2,712188928,8346394624,712188928,8126898176
500,0.2,39.5,2,4.405,1.915,6.11,6.05,6.17,3.64,3.685,3.595,139605196.8,44823961.6,714157875.2,8346394624,714157875.2,8126898176
1000,0.1,77.9,1.9,7.628571429,3.034285714,8.542857143,8.542857143,8.542857143,4.347619048,4.4,4.295238095,140708132.6,42804370.29,712472283.4,8346394624,712472283.4,8126898176
500,0.2,39.5,1.9,3.96,1.8695,5.81,5.86,5.76,3.75,3.61,3.89,141900390.4,44935577.6,713543884.8,8346394624,713543884.8,8126898176
1000,0.1,77.9,1.9,7.41,3.0445,8.39,8.48,8.34,4.485,4.44,4.53,142983577.6,43747737.6,712513740.8,8346394624,712513740.8,8126898176
500,0.2,39.5,2,4.673684211,1.975263158,6.194736842,6.389473684,6,3.621052632,3.484210526,3.757894737,143638312.4,45417310.32,714071632.8,8346394624,714071632.8,8126898176
1000,0.1,77.9,1.9,7.78,3.129,8.575,8.77,8.38,4.485,4.42,4.55,144200908.8,43578572.8,712159846.4,8346394624,712159846.4,8126898176
500,0.2,39.5,2,4.057894737,1.961578947,5.863157895,6.073684211,5.652631579,3.615789474,3.526315789,3.705263158,144704781.5,45761589.89,714515941.1,8346394624,714515941.1,8126898176
1000,0.1,77.9,1.9,7.285,3.105,8.325,8.46,8.19,4.61,4.64,4.58,144958054.4,44073779.2,712952627.2,8346394624,712952627.2,8126898176
500,0.2,39.5,1.9,4.063157895,1.926315789,5.9,5.947368421,5.852631579,3.810526316,3.768421053,3.852631579,145476122.9,45348540.63,715088303.2,8346394624,715088303.2,8126898176
1000,0.1,77.9,1.9,7.495,3.165,8.52,8.88,8.2,4.84,4.85,4.83,146022809.6,43340185.6,713118515.2,8346394624,713118515.2,8126898176
500,0.2,39.5,2,4.175,1.961,6,6.09,5.91,3.63,3.52,3.74,146974105.6,45250969.6,714586726.4,8346394624,714586726.4,8126898176
1000,0.1,77.9,1.9,7.104761905,3.066666667,8.233333333,8.438095238,8.047619048,4.39047619,4.380952381,4.4,147517049.9,43773171.81,713634767.2,8346394624,713634767.2,8126898176
500,0.2,39.5,2.1,4.11,1.895,5.985,6.38,5.59,3.535,3.43,3.64,148211712,45205299.2,714309427.2,8346394624,714309427.2,8126898176
1000,0.1,77.9,2,8.147619048,3.017619048,8.647619048,9.085714286,8.266666667,4.39047619,4.361904762,4.419047619,149056950.9,43719143.62,712882858.7,8346394624,712882858.7,8126898176
500,0.2,39.5,2.2,4.4405,1.8715,6.24,6.28,6.2,3.525,3.44,3.61,149760000,45087948.8,713881395.2,8346394624,713881395.2,8126898176
1000,0.1,77.9,2,7.945,3.14,8.87,9.04,8.68,4.425,4.3,4.55,150674841.6,43747942.4,713424076.8,8346394624,713424076.8,8126898176
500,0.2,39.5,2.1,4.784210526,2.036842105,6.252631579,6.384210526,6.121052632,3.673684211,3.663157895,3.684210526,151610421.9,45690448.84,714986981.1,8346394624,714986981.1,8126898176
1000,0.1,77.9,2,8.95,3.14,9.17,9.28,9.02,4.375,4.36,4.39,152587673.6,43754905.6,712748441.6,8346394624,712748441.6,8126898176
500,0.2,39.5,2,4.405,1.884,5.99,6.09,5.89,3.56,3.45,3.67,153622732.8,46140416,715065548.8,8346394624,715065548.8,8126898176
1000,0.1,77.9,2,8.295238095,3.086666667,8.838095238,8.904761905,8.79047619,4.480952381,4.333333333,4.628571429,154819437.7,44187452.95,713329517.7,8346394624,713329517.7,8126898176
500,0.2,39.5,2.1,4.905,1.8985,6.38,6.45,6.31,3.56,3.49,3.63,155669913.6,45722009.6,714863001.6,8346394624,714863001.6,8126898176
1000,0.1,77.9,2,8.152380952,3.00952381,8.823809524,9.066666667,8.552380952,4.357142857,4.238095238,4.476190476,156555361.5,44059111.62,713336539.4,8346394624,713336539.4,8126898176
500,0.2,39.5,2,4.321052632,1.910526316,6.152631579,6.168421053,6.136842105,3.515789474,3.621052632,3.410526316,157392033.7,45508715.79,714792528.8,8346394624,714792528.8,8126898176
1000,0.1,77.9,2,8.214285714,3.003333333,8.90952381,9.161904762,8.695238095,4.366666667,4.342857143,4.39047619,158200978.3,44483730.29,713555577.9,8346394624,713555577.9,8126898176
500,0.2,39.5,2,4.321052632,1.920526316,6.205263158,6.157894737,6.252631579,3.589473684,3.526315789,3.652631579,158823262.3,45883176.42,714575656.4,8346394624,714575656.4,8126898176
1000,0.1,77.9,2,8.95,3.18,9.305,9.66,8.99,4.555,4.55,4.56,160106086.4,44908544,713884876.8,8346394624,713884876.8,8126898176
500,0.2,39.5,2.1,4.65,1.9335,6.285,6.34,6.23,3.575,3.44,3.71,161155891.2,46269849.6,714975641.6,8346394624,714975641.6,8126898176
1000,0.1,77.9,2,8.423809524,3.033333333,9,9.123809524,8.885714286,4.376190476,4.304761905,4.447619048,162189702.1,44122112,713124132.6,8346394624,713124132.6,8126898176
500,0.2,39.5,2,4.263157895,2.036842105,6.163157895,6.336842105,5.989473684,3.573684211,3.536842105,3.610526316,163110912,46436567.58,715200404.2,8346394624,715200404.2,8126898176
1000,0.1,77.9,1.9,7.37,3.18,8.55,8.77,8.33,4.41,4.27,4.55,163363020.8,44231884.8,713240780.8,8346394624,713240780.8,8126898176
500,0.2,39.5,2.2,4.615789474,2.002631579,6.273684211,6.4,6.147368421,3.594736842,3.505263158,3.684210526,163452604.6,45198066.53,714053308.6,8346394624,714053308.6,8126898176
1000,0.1,77.9,2,8.119047619,3.072380952,8.804761905,8.961904762,8.695238095,4.376190476,4.285714286,4.466666667,163522072.4,43737673.14,712766610.3,8346394624,712766610.3,8126898176
500,0.2,39.5,2.1,4.44,1.945,6.16,6.25,6.07,3.585,3.54,3.63,163518259.2,45914112,714809958.4,8346394624,714809958.4,8126898176
1000,0.1,77.9,2,8.145,3.085,8.985,9.33,8.66,4.39,4.27,4.51,163745177.6,44454092.8,713863168,8346394624,713863168,8126898176
500,0.2,39.5,2.2,4.873684211,1.943157895,6.457894737,6.842105263,6.073684211,3.647368421,3.684210526,3.610526316,164273313.7,45817209.26,715041522.5,8346394624,715041522.5,8126898176
1000,0.1,77.9,2,8.395,3.165,9.015,9.13,8.92,4.455,4.33,4.58,164380876.8,43377459.2,713000550.4,8346394624,713000550.4,8126898176
500,0.2,39.5,2.1,4.485,1.921,6.09,6.32,5.86,3.645,3.73,3.56,164450508.8,45261824,714209075.2,8346394624,714209075.2,8126898176
1000,0.1,77.9,2,8.023809524,3.085238095,8.771428571,8.876190476,8.628571429,4.50952381,4.466666667,4.552380952,164475855.2,43270144,712485546.7,8346394624,712485546.7,8126898176
500,0.2,39.5,2,4.07,1.876,5.85,6.01,5.69,3.625,3.59,3.66,164475904,46129561.6,715001651.2,8346394624,715001651.2,8126898176
1000,0.1,77.9,2,8.29047619,3.062857143,8.919047619,9.057142857,8.819047619,4.40952381,4.628571429,4.19047619,164593273.9,44636257.52,713202151.6,8346394624,713202151.6,8126898176
500,0.2,39.5,2.1,4.865,1.968,6.33,6.45,6.21,3.585,3.49,3.68,164654899.2,46177280,715106508.8,8346394624,715106508.8,8126898176
1000,0.1,77.9,1.9,8.08,3.1455,8.805,8.93,8.66,4.495,4.44,4.55,164513177.6,44375244.8,713628876.8,8346394624,713628876.8,8126898176
500,0.2,39.5,2,4.152631579,1.994736842,5.884210526,6,5.768421053,3.584210526,3.463157895,3.705263158,163985084.6,46505552.84,715812864,8346394624,715812864,8126898176
1000,0.1,77.9,2,7.925,3.092,8.71,8.85,8.53,4.425,4.29,4.56,163519897.6,44445491.2,713536921.6,8346394624,713536921.6,8126898176
500,0.2,39.5,2,4.526315789,1.984210526,6.057894737,6.263157895,5.852631579,3.610526316,3.6,3.621052632,163629810.5,46467826.53,715293103.2,8346394624,715293103.2,8126898176
1000,0.1,77.9,1.9,7.875,3.175,8.615,8.67,8.53,4.445,4.41,4.48,163770572.8,44147302.4,712966963.2,8346394624,712966963.2,8126898176
500,0.2,39.5,2,4.615,1.9685,6.075,6.15,6,3.585,3.53,3.64,163797811.2,46114611.2,714984038.4,8346394624,714984038.4,8126898176
1000,0.1,77.9,1.9,7.519047619,3.058095238,8.319047619,8.4,8.228571429,4.385714286,4.266666667,4.504761905,163859894.9,44227437.71,712890465.5,8346394624,712890465.5,8126898176
500,0.2,39.5,2,4.005,1.91,5.81,5.78,5.84,3.58,3.43,3.73,163869081.6,46297292.8,714713907.2,8346394624,714713907.2,8126898176
1000,0.1,77.9,1.9,7.89047619,3.052857143,8.49047619,8.580952381,8.371428571,4.466666667,4.4,4.533333333,163780900.6,45576777.14,714192018.3,8346394624,714192018.3,8126898176
500,0.2,39.5,2.1,4.842105263,2.013684211,6.247368421,6.252631579,6.242105263,3.715789474,3.873684211,3.557894737,163629594.9,46155237.05,714827021.5,8346394624,714827021.5,8126898176
1000,0.1,77.9,1.9,7.9,3.067142857,8.59047619,8.638095238,8.533333333,4.423809524,4.371428571,4.476190476,163473505.5,44280295.62,713876626.3,8346394624,713876626.3,8126898176
500,0.2,39.5,2,4.194736842,2.006842105,5.994736842,6.178947368,5.810526316,3.768421053,3.642105263,3.894736842,163587557.1,46474078.32,715693648.8,8346394624,715693648.8,8126898176
1000,0.1,77.9,1.8,7.185,3.135,8.265,8.36,8.16,4.48,4.44,4.52,163630284.8,45016064,714141696,8346394624,714141696,8126898176
500,0.2,39.5,2,4.194736842,1.926315789,5.957894737,6.042105263,5.873684211,3.589473684,3.568421053,3.610526316,163737384.4,46649775.16,714844698.9,8346394624,714844698.9,8126898176
1000,0.1,77.9,1.9,7.195,3.155,8.325,8.34,8.31,4.475,4.55,4.4,163792076.8,44526387.2,713284812.8,8346394624,713284812.8,8126898176
500,0.2,39.5,2,3.952631579,1.968947368,5.731578947,5.768421053,5.694736842,3.621052632,3.589473684,3.652631579,163862635.8,45770644.21,714465711.2,8346394624,714465711.2,8126898176
1000,0.1,77.9,1.9,7.60952381,3.062380952,8.352380952,8.438095238,8.266666667,4.385714286,4.342857143,4.428571429,163907096.4,44291608.38,713863168,8346394624,713863168,8126898176
500,0.2,39.5,2,4.19,1.955,5.875,5.9,5.85,3.585,3.62,3.55,163796992,46236467.2,715853004.8,8346394624,715853004.8,8126898176
1000,0.1,77.9,1.9,8.32,3.068,8.91,9.1,8.81,4.475,4.38,4.57,163759308.8,43718246.4,712948121.6,8346394624,712948121.6,8126898176
500,0.2,39.5,2,4.263157895,1.994736842,5.963157895,6.126315789,5.8,3.663157895,3.726315789,3.6,163727683.4,46337401.26,715020611.4,8346394624,715020611.4,8126898176
1000,0.1,77.9,1.9,7.87,3.18,8.565,8.87,8.34,4.545,4.7,4.39,163841228.8,44691251.2,713547776,8346394624,713547776,8126898176
500,0.2,39.5,2,4.047368421,2.036842105,5.857894737,6.073684211,5.642105263,3.694736842,3.694736842,3.694736842,163938735.2,46375127.58,714908079.2,8346394624,714908079.2,8126898176
1000,0.1,77.9,1.9,7.935,3.16,8.68,9.015,8.315,4.435,4.42,4.45,163989504,44779724.8,714148249.6,8346394624,714148249.6,8126898176
500,0.2,39.5,2,4.173684211,1.952631579,5.957894737,5.863157895,6.052631579,3.568421053,3.621052632,3.515789474,163882037.9,46544357.05,715804456.4,8346394624,715804456.4,8126898176
1000,0.1,77.9,1.9,7.080952381,3.080952381,8.10952381,8.361904762,7.838095238,4.471428571,4.485714286,4.457142857,164013202.3,44378014.48,713639253.3,8346394624,713639253.3,8126898176
500,0.2,39.5,2,4.005,1.982,5.84,5.87,5.81,3.63,3.51,3.75,163935232,46701158.4,715606835.2,8346394624,715606835.2,8126898176
1000,0.1,77.9,1.9,7.095238095,3.091428571,8.20952381,8.638095238,7.771428571,4.442857143,4.419047619,4.466666667,163615890.3,45052294.1,714357418.7,8346394624,714357418.7,8126898176
500,0.2,39.5,1.9,3.78,1.97,5.69,5.8,5.58,3.55,3.46,3.64,163641548.8,46424473.6,715521433.6,8346394624,715521433.6,8126898176
1000,0.1,77.9,1.9,8.215,3.1025,8.79,8.84,8.79,4.43,4.34,4.52,163963904,45765017.6,714706124.8,8346394624,714706124.8,8126898176
500,0.2,39.5,1.9,4.221052632,1.956315789,5.9,6.021052632,5.778947368,3.726315789,3.757894737,3.694736842,164052129.7,47058081.68,715896724.2,8346394624,715896724.2,8126898176
1000,0.1,77.9,1.9,7.68,3.24,8.74,9.21,8.3,4.575,4.51,4.64,164123033.6,44164096,713361817.6,8346394624,713361817.6,8126898176
500,0.2,39.5,1.9,3.97,1.99,5.835,6.06,5.61,3.645,3.66,3.63,164117913.6,46036377.6,715116748.8,8346394624,715116748.8,8126898176
1000,0.1,77.9,2,8.42,3.25,9.01,9.19,8.81,4.47,4.405,4.535,164197171.2,43839283.2,712908595.2,8346394624,712908595.2,8126898176
500,0.2,39.5,2,4.3,1.989473684,6.057894737,6.242105263,5.873684211,3.726315789,3.705263158,3.747368421,164190962.5,45838982.74,714677840.8,8346394624,714677840.8,8126898176
1000,0.1,77.9,1.9,7.242857143,3.13,8.238095238,8.314285714,8.142857143,4.49047619,4.571428571,4.40952381,163990966.9,44124452.57,712692297.1,8346394624,712692297.1,8126898176
500,0.2,39.5,2,3.9,2.0105,5.9,5.93,5.87,3.685,3.55,3.82,163495731.2,46196736,714472038.4,8346394624,714472038.4,8126898176
1000,0.1,77.9,1.9,7.523809524,3.165238095,8.319047619,8.619047619,8.00952381,4.40952381,4.466666667,4.352380952,163774464,44707059.81,713661878.9,8346394624,713661878.9,8126898176
500,0.2,39.5,2,4.557894737,2.084210526,6.157894737,6.178947368,6.136842105,3.794736842,3.873684211,3.715789474,163334898.5,46625414.74,715139179.8,8346394624,715139179.8,8126898176
1000,0.1,77.9,1.9,7.152380952,3.012857143,8.228571429,8.428571429,8.019047619,4.314285714,4.171428571,4.457142857,162627974.1,44154880,712412013.7,8346394624,712412013.7,8126898176
500,0.2,39.5,1.9,4.015789474,1.936842105,5.8,5.726315789,5.873684211,3.547368421,3.468421053,3.626315789,162631033.3,45709850.95,713769822.3,8346394624,713769822.3,8126898176
1000,0.1,77.9,1.9,8.06,3.185,8.74,8.84,8.58,4.47,4.44,4.5,162663424,43987148.8,713462988.8,8346394624,713462988.8,8126898176
500,0.2,39.5,2,4.678947368,2.047368421,6.121052632,6.305263158,5.936842105,3.642105263,3.789473684,3.494736842,162659705.3,45962293.89,714142558.3,8346394624,714142558.3,8126898176
1000,0.1,77.9,1.9,8.065,3.235,8.745,8.88,8.6,4.52,4.37,4.67,162516377.6,43765760,712720179.2,8346394624,712720179.2,8126898176
500,0.2,39.5,2,3.938619048,1.868571429,5.795238095,5.828571429,5.761904762,3.528571429,3.419047619,3.638095238,162454966.9,46319518.48,714758826.7,8346394624,714758826.7,8126898176
1000,0.1,77.9,1.9,8.085714286,3.04,8.552380952,9.2,7.99047619,4.438095238,4.314285714,4.561904762,162536691.8,44521569.52,713357019.4,8346394624,713357019.4,8126898176
500,0.2,39.5,2,4.26,2.0055,5.89,5.97,5.81,3.675,3.67,3.68,162805964.8,46588108.8,715200102.4,8346394624,715200102.4,8126898176
1000,0.1,77.9,2,8.2,3.145714286,8.652380952,8.742857143,8.533333333,4.476190476,4.59047619,4.361904762,162803321.9,43954761.14,713544655.2,8346394624,713544655.2,8126898176
500,0.2,39.5,2,4.321052632,2.035263158,5.978947368,6.189473684,5.768421053,3.626315789,3.673684211,3.578947368,162811472.8,46026967.58,714483604.2,8346394624,714483604.2,8126898176
1000,0.1,77.9,1.9,7.685,3.13,8.485,8.83,8.16,4.39,4.37,4.41,162819891.2,44172697.6,712444313.6,8346394624,712444313.6,8126898176
500,0.2,39.5,1.9,4.057894737,1.957894737,5.884210526,6.042105263,5.726315789,3.578947368,3.410526316,3.747368421,162923573.9,45792202.11,714073357.5,8346394624,714073357.5,8126898176
1000,0.1,77.9,1.9,7.935,3.23,8.685,8.85,8.59,4.53,4.4,4.66,162921676.8,45127680,713616998.4,8346394624,713616998.4,8126898176
500,0.2,39.5,2,4.305263158,2.1,6.042105263,6.2,5.884210526,3.694736842,3.757894737,3.631578947,162750464,46690735.16,715550073.3,8346394624,715550073.3,8126898176
1000,0.1,77.9,1.9,7.20952381,3.131904762,8.228571429,8.438095238,8.028571429,4.438095238,4.361904762,4.514285714,162197504,44684824.38,714360734.5,8346394624,714360734.5,8126898176
500,0.2,39.5,1.9,3.9,1.98,5.78,5.98,5.58,3.585,3.4,3.77,162615500.8,46587494.4,715602534.4,8346394624,715602534.4,8126898176
1000,0.1,77.9,1.9,6.985714286,3.04047619,8.133333333,8.004761905,8.233333333,4.328571429,4.371428571,4.285714286,162811318.9,45170688,714847768.4,8346394624,714847768.4,8126898176
500,0.2,39.5,1.9,4.021052632,2.03,5.815789474,6.047368421,5.584210526,3.731578947,3.842105263,3.621052632,163004200.4,46482054.74,715820193.7,8346394624,715820193.7,8126898176
1000,0.1,77.9,1.8,6.771428571,3.14047619,7.976190476,8.104761905,7.847619048,4.40952381,4.552380952,4.266666667,163626032.8,45049953.52,715030723,8346394624,715030723,8126898176
500,0.2,39.5,1.9,3.931578947,2.102105263,5.757894737,5.894736842,5.621052632,3.689473684,3.705263158,3.673684211,164193765.1,46497360.84,716123082.1,8346394624,716123082.1,8126898176
1000,0.1,77.9,1.9,7.07,3.27,8.215,8.17,8.26,4.49,4.53,4.45,165943910.4,44983705.6,714627276.8,8346394624,714627276.8,8126898176
500,0.2,39.5,1.9,4.068421053,1.994736842,5.847368421,6.094736842,5.6,3.578947368,3.473684211,3.684210526,169476311.6,46035806.32,715192212.2,8346394624,715192212.2,8126898176
1000,0.1,77.9,1.9,7.125,3.19,8.3,8.58,8.01,4.57,4.62,4.52,172517171.2,44715008,714140262.4,8346394624,714140262.4,8126898176
500,0.2,39.5,2,4.58,1.9605,6.14,6.26,6.02,3.64,3.47,3.81,173266944,46204723.2,715367833.6,8346394624,715367833.6,8126898176
1000,0.1,77.9,2,8.09047619,3.092380952,8.619047619,8.866666667,8.361904762,4.414285714,4.185714286,4.642857143,173352667.4,44697112.38,713895936,8346394624,713895936,8126898176
500,0.2,39.5,2.1,4.91,1.975,6.265,6.4,6.13,3.6,3.565,3.635,173499596.8,39126835.2,707667968,8346394624,707667968,8126898176
1000,0.1,77.9,2,8.565,3.12,8.995,9.13,8.76,4.43,4.47,4.39,173816422.4,43299225.6,712010547.2,8346394624,712010547.2,8126898176
500,0.2,39.5,2,4.336842105,1.934210526,5.942105263,6.031578947,5.852631579,3.626315789,3.694736842,3.557894737,174043998.3,45402004.21,714265653.9,8346394624,714265653.9,8126898176
1000,0.1,77.9,1.9,7.57,3.229,8.535,8.59,8.42,4.63,4.62,4.64,174068121.6,43553382.4,712540364.8,8346394624,712540364.8,8126898176
500,0.2,39.5,2.1,5.189473684,2.015789474,6.436842105,6.621052632,6.252631579,3.789473684,3.852631579,3.726315789,174144242.5,39817000.42,708052668.6,8346394624,708052668.6,8126898176
1000,0.1,77.9,1.9,8.47,3.135,8.855,9,8.78,4.385,4.28,4.49,174217420.8,42990592,711477657.6,8346394624,711477657.6,8126898176
500,0.2,39.5,2,4.8,1.957894737,6.268421053,6.305263158,6.231578947,3.610526316,3.578947368,3.642105263,174328778.1,45085103.16,713726275.4,8346394624,713726275.4,8126898176
1000,0.1,77.9,2,8.43,3.18,8.945,9.1,8.86,4.48,4.38,4.58,174687232,43511193.6,711969587.2,8346394624,711969587.2,8126898176
500,0.2,39.5,2,4.347368421,2.047368421,6.063157895,6.115789474,6.010526316,3.631578947,3.621052632,3.642105263,174929165.5,45752966.74,714410738.5,8346394624,714410738.5,8126898176
1000,0.1,77.9,2,8.435,3.195,8.89,8.98,8.86,4.495,4.4,4.59,175228518.4,42805043.2,711486668.8,8346394624,711486668.8,8126898176
500,0.2,39.5,2.1,4.99,1.995,6.265,6.4,6.13,3.6,3.56,3.64,175400550.4,39948083.2,708452147.2,8346394624,708452147.2,8126898176
1000,0.1,77.9,1.9,7.89,3.105,8.65,8.71,8.64,4.415,4.49,4.34,175316787.2,43607449.6,712613683.2,8346394624,712613683.2,8126898176
500,0.2,39.5,1.9,3.984210526,1.944210526,5.778947368,5.957894737,5.6,3.621052632,3.631578947,3.610526316,175400636.6,45910554.95,714989568,8346394624,714989568,8126898176
1000,0.1,77.9,1.9,7.84,3.1785,8.56,8.8,8.32,4.555,4.61,4.5,175466086.4,43409612.8,712207974.4,8346394624,712207974.4,8126898176
500,0.2,39.5,2,4.415789474,1.978947368,5.968421053,6.094736842,5.842105263,3.652631579,3.652631579,3.652631579,175419823.2,46004762.95,714755449.3,8346394624,714755449.3,8126898176
1000,0.1,77.9,1.9,7.96,3.175,8.59,9.06,8.1,4.51,4.47,4.55,175624192,43346534.4,712558387.2,8346394624,712558387.2,8126898176
500,0.2,39.5,2,3.99,1.92,5.745,5.97,5.52,3.57,3.55,3.59,175875686.4,45653811.2,714690150.4,8346394624,714690150.4,8126898176
1000,0.1,77.9,1.9,7.166666667,3.012380952,8.252380952,8.352380952,8.161904762,4.452380952,4.39047619,4.514285714,176096012.2,43742549.33,712758808.4,8346394624,712758808.4,8126898176
500,0.2,39.5,1.9,3.735,1.957,5.7,5.78,5.62,3.63,3.44,3.82,176688332.8,46112563.2,715210342.4,8346394624,715210342.4,8126898176
1000,0.1,77.9,1.9,7.28,3.245,8.385,8.76,8.02,4.635,4.54,4.73,176812236.8,44064153.6,713345024,8346394624,713345024,8126898176
500,0.2,39.5,1.9,4.010526316,2.026842105,5.805263158,5.821052632,5.789473684,3.794736842,3.684210526,3.905263158,176916372.2,45254979.37,714126605.5,8346394624,714126605.5,8126898176
1000,0.1,77.9,2,8.20952381,3.047619048,8.742857143,8.828571429,8.704761905,4.40952381,4.476190476,4.342857143,176977432.4,43621814.86,711927710.5,8346394624,711927710.5,8126898176
500,0.2,39.5,2,4.164,1.9,5.92,5.93,5.91,3.585,3.7,3.47,177048576,46038016,714174464,8346394624,714174464,8126898176
1000,0.1,77.9,1.9,7.455,3.207,8.425,8.55,8.29,4.92,5.02,4.8,177014988.8,43893964.8,712458649.6,8346394624,712458649.6,8126898176
500,0.2,39.5,2,4.310526316,2.068421053,6.005263158,6.252631579,5.757894737,3.805263158,3.810526316,3.8,177120741.1,46785589.89,715517305.3,8346394624,715517305.3,8126898176
1000,0.1,77.9,1.9,7.338095238,3.09952381,8.223809524,8.419047619,8.038095238,4.523809524,4.485714286,4.561904762,177782003.8,43964123.43,712887929.9,8346394624,712887929.9,8126898176
500,0.2,39.5,2,4.231578947,2.042105263,5.852631579,6.073684211,5.631578947,3.705263158,3.684210526,3.726315789,177527754.1,46221419.79,714762994.5,8346394624,714762994.5,8126898176
1000,0.1,77.9,1.9,7.466666667,3.021428571,8.366666667,8.514285714,8.152380952,4.442857143,4.323809524,4.561904762,177593392.8,43486646.86,712537039.2,8346394624,712537039.2,8126898176
500,0.2,39.5,1.9,3.975,1.9835,5.79,5.95,5.63,3.66,3.63,3.69,177600102.4,46258790.4,714786406.4,8346394624,714786406.4,8126898176
1000,0.1,77.9,1.8,7.175,3.2125,8.185,8.37,8,4.63,4.4,4.86,177575731.2,44775219.2,713783910.4,8346394624,713783910.4,8126898176
